Team,League,Country,HeadCoach,Appointed,EndDate,Tenure,Matches,Wins,Draws,Losses,AppointmentNumber
Granada,LaLiga,Spain,Abel Resino,2015-01-19,2015-05-01,102,15,2,5,8,1
Köln,Bundesliga,Germany,Achim Beierlorzer,2019-07-01,2019-11-09,131,13,3,1,9,1
Mainz 05,Bundesliga,Germany,Achim Beierlorzer,2019-11-18,2020-09-28,315,26,9,4,13,2
Eint Frankfurt,Bundesliga,Germany,Adi Hütter,2018-07-01,2021-06-30,1095,141,67,31,43,1
M'Gladbach,Bundesliga,Germany,Adi Hütter,2021-07-01,2022-06-30,364,37,14,9,14,2
Nice,Ligue 1,France,Adrian Ursea,2020-12-04,2021-05-24,171,30,11,5,14,1
Granada,LaLiga,Spain,Aitor Karanka,2022-04-18,2022-11-08,204,21,8,7,6,1
Toulouse,Ligue 1,France,Alain Casanova,2008-05-30,2015-03-16,2481,290,104,77,109,1
Toulouse,Ligue 1,France,Alain Casanova,2018-06-25,2019-10-10,472,51,12,17,22,2
Newcastle Utd,Premier League,England,Alan Pardew,2010-12-09,2015-01-02,1485,184,71,41,72,1
Crystal Palace,Premier League,England,Alan Pardew,2015-01-03,2016-12-22,719,87,35,13,39,2
Valencia,LaLiga,Spain,Albert Celades,2019-09-11,2020-06-29,292,41,16,11,14,1
Frosinone,Serie A,Italy,Alessandro Nesta,2019-07-01,2021-03-22,630,77,28,23,26,1
Empoli,Serie A,Italy,Alessio Dionisi,2020-08-19,2021-06-15,300,42,22,16,4,1
Genoa,Serie A,Italy,Alexander Blessin,2022-01-19,2022-12-06,321,33,11,12,10,1
Werder Bremen,Bundesliga,Germany,Alexander Nouri,2016-10-02,2017-10-30,393,40,14,10,16,1
Stuttgart,Bundesliga,Germany,Alexander Zorniger,2015-07-01,2015-11-24,146,15,5,1,9,1
Hoffenheim,Bundesliga,Germany,Alfred Schreuder,2019-07-01,2020-06-09,344,33,14,7,12,1
Hellas Verona,Serie A,Italy,Alfredo Aglietti,2019-05-02,2019-06-30,59,7,4,1,2,1
Chievo,Serie A,Italy,Alfredo Aglietti,2020-03-01,2021-06-30,486,55,20,19,16,2
Hellas Verona,Serie A,Italy,Andrea Mandorlini,2010-11-09,2015-11-30,1847,216,94,59,63,1
Genoa,Serie A,Italy,Andrea Mandorlini,2017-02-20,2017-04-10,49,6,1,1,4,2
Juventus,Serie A,Italy,Andrea Pirlo,2020-08-08,2021-05-28,293,52,34,10,8,1
Udinese,Serie A,Italy,Andrea Stramaccioni,2014-07-01,2015-06-04,338,41,12,11,18,1
Wolfsburg,Bundesliga,Germany,Andries Jonker,2017-02-27,2017-09-18,203,19,8,4,7,1
Genoa,Serie A,Italy,Andriy Shevchenko,2021-11-07,2022-01-15,69,11,1,3,7,1
Hoffenheim,Bundesliga,Germany,André Breitenreiter,2022-07-01,2023-02-06,220,22,7,4,11,1
M'Gladbach,Bundesliga,Germany,André Schubert,2015-11-13,2016-12-21,404,51,21,9,21,1
Marseille,Ligue 1,France,André Villas-Boas,2019-07-01,2021-02-02,582,60,29,13,18,1
Toulouse,Ligue 1,France,Antoine Kombouaré,2019-10-14,2020-01-05,83,13,2,0,11,1
Nantes,Ligue 1,France,Antoine Kombouaré,2021-02-11,2023-05-09,817,109,42,28,39,2
Chelsea,Premier League,England,Antonio Conte,2016-07-01,2018-07-13,742,106,70,15,21,1
Milan,Serie A,Italy,Antonio Conte,2019-05-31,2021-05-26,726,102,64,23,15,2
Celta Vigo,LaLiga,Spain,Antonio Mohamed,2018-07-01,2018-11-12,134,13,3,6,4,1
Stuttgart,Bundesliga,Germany,Armin Veh,2014-07-01,2014-11-24,146,13,2,3,8,1
Eint Frankfurt,Bundesliga,Germany,Armin Veh,2015-07-01,2016-03-06,249,27,6,9,12,2
Arsenal,Premier League,England,Arsène Wenger,1996-10-01,2018-06-30,7942,1234,715,267,252,1
Real Sociedad,LaLiga,Spain,Asier Garitano,2018-07-01,2018-12-26,178,19,6,5,8,1
Empoli,Serie A,Italy,Aurelio Andreazzoli,2017-12-17,2018-11-05,323,35,17,10,8,1
Empoli,Serie A,Italy,Aurelio Andreazzoli,2019-03-13,2019-06-30,109,11,5,1,5,2
Genoa,Serie A,Italy,Aurelio Andreazzoli,2019-07-01,2019-10-22,113,9,2,2,5,3
Empoli,Serie A,Italy,Aurelio Andreazzoli,2021-06-21,2022-06-01,345,41,12,11,18,4
Lorient,Ligue 1,France,Bernard Casoni,2016-11-08,2017-05-29,202,31,10,6,15,1
Liverpool,Premier League,England,Brendan Rodgers,2012-07-01,2015-10-04,1190,166,85,39,42,1
Lyon,Ligue 1,France,Bruno Génésio,2015-12-24,2019-06-30,1284,185,101,37,47,1
Wolfsburg,Bundesliga,Germany,Bruno Labbadia,2018-02-20,2019-06-30,495,50,22,10,18,1
Stuttgart,Bundesliga,Germany,Bruno Labbadia,2022-12-05,2023-04-03,119,12,2,3,7,2
Real Madrid,LaLiga,Spain,Carlo Ancelotti,2013-07-01,2015-05-25,693,119,89,14,16,1
Bayern Munich,Bundesliga,Germany,Carlo Ancelotti,2016-07-01,2017-09-28,454,60,43,8,9,2
Napoli,Serie A,Italy,Carlo Ancelotti,2018-07-01,2019-12-10,527,73,38,19,16,3
Everton,Premier League,England,Carlo Ancelotti,2019-12-22,2021-06-30,556,67,31,14,22,4
Valencia,LaLiga,Spain,Cesare Prandelli,2016-10-03,2016-12-30,88,10,3,3,4,1
Genoa,Serie A,Italy,Cesare Prandelli,2018-12-07,2019-06-30,205,24,4,11,9,2
Fiorentina,Serie A,Italy,Cesare Prandelli,2020-11-09,2021-03-23,134,23,6,6,11,3
Bastia,Ligue 1,France,Christian Gourcuff,2016-07-01,2017-11-07,494,55,19,17,19,1
Nantes,Ligue 1,France,Christian Gourcuff,2019-08-08,2020-12-08,488,45,16,8,21,2
Lille,Ligue 1,France,Christophe Galtier,2017-12-29,2021-06-30,1279,152,78,31,43,1
Nice,Ligue 1,France,Christophe Galtier,2021-07-01,2022-06-30,364,43,24,7,12,2
Lorient,Ligue 1,France,Christophe Pélissier,2019-05-29,2022-06-26,1124,112,40,24,48,1
Nice,Ligue 1,France,Claude Puel,2012-05-23,2016-06-30,1499,169,69,34,66,1
Nantes,Ligue 1,France,Claudio Ranieri,2017-07-01,2018-05-17,320,40,14,10,16,1
Roma,Serie A,Italy,Claudio Ranieri,2019-03-08,2019-06-30,114,12,6,4,2,2
Getafe,LaLiga,Spain,Cosmin Contra,2014-03-11,2015-01-05,300,29,10,7,12,1
Sassuolo,Serie A,Italy,Cristian Bucchi,2017-06-20,2017-11-27,160,15,4,2,9,1
Empoli,Serie A,Italy,Cristian Bucchi,2019-06-18,2019-11-12,147,14,6,5,3,2
Athletic Club,LaLiga,Spain,Cuco Ziganda,2017-07-01,2018-06-30,364,54,17,17,20,1
M'Gladbach,Bundesliga,Germany,Daniel Farke,2022-07-01,2023-06-02,336,36,12,10,14,1
Real Sociedad,LaLiga,Spain,David Moyes,2014-11-10,2015-11-09,364,42,12,15,15,1
West Ham,Premier League,England,David Moyes,2017-11-07,2018-05-16,190,31,9,10,12,2
Genoa,Serie A,Italy,Davide Ballardini,2017-11-06,2018-10-09,337,36,16,5,15,1
Genoa,Serie A,Italy,Davide Ballardini,2020-12-21,2021-11-06,320,39,11,14,14,2
Udinese,Serie A,Italy,Davide Nicola,2018-11-13,2019-03-20,127,15,4,4,7,1
Genoa,Serie A,Italy,Davide Nicola,2019-12-28,2020-08-26,242,22,8,4,10,2
Torino,Serie A,Italy,Davide Nicola,2021-01-19,2021-05-28,129,20,5,9,6,3
Aston Villa,Premier League,England,Dean Smith,2018-10-10,2021-11-07,1124,138,56,27,55,1
Bologna,Serie A,Italy,Delio Rossi,2015-05-04,2015-10-28,177,18,4,4,10,1
Bologna,Serie A,Italy,Diego López,2014-07-01,2015-05-04,307,40,16,15,9,1
Granada,LaLiga,Spain,Diego Martínez,2018-07-01,2021-06-30,1095,146,69,30,47,1
Wolfsburg,Bundesliga,Germany,Dieter Hecking,2013-01-01,2016-10-17,1385,165,83,39,43,1
M'Gladbach,Bundesliga,Germany,Dieter Hecking,2016-12-21,2019-06-30,921,98,43,22,33,2
Darmstadt 98,Bundesliga,Germany,Dimitrios Grammozis,2019-02-24,2020-06-30,492,47,20,15,12,1
Darmstadt 98,Bundesliga,Germany,Dirk Schuster,2012-12-28,2016-06-30,1280,138,60,41,37,1
Augsburg,Bundesliga,Germany,Dirk Schuster,2016-07-01,2016-12-14,166,16,4,5,7,2
Darmstadt 98,Bundesliga,Germany,Dirk Schuster,2017-12-11,2019-02-18,434,41,13,12,16,3
Chievo,Serie A,Italy,Domenico Di Carlo,2018-11-13,2019-05-31,199,27,2,11,14,1
Toulouse,Ligue 1,France,Dominique Arribagé,2015-03-20,2016-02-28,345,43,12,11,20,1
Bournemouth,Premier League,England,Eddie Howe,2012-10-14,2020-08-01,2848,355,144,75,136,1
Dortmund,Bundesliga,Germany,Edin Terzic,2020-12-29,2021-06-30,183,29,18,4,7,1
Atalanta,Serie A,Italy,Edoardo Reja,2015-03-04,2016-06-14,468,53,14,20,19,1
Celta Vigo,LaLiga,Spain,Eduardo Berizzo,2014-07-01,2017-06-30,1095,148,61,36,51,1
Sevilla,LaLiga,Spain,Eduardo Berizzo,2017-07-01,2017-12-22,174,27,14,6,7,2
Athletic Club,LaLiga,Spain,Eduardo Berizzo,2018-07-01,2018-12-04,156,15,2,8,5,3
Celta Vigo,LaLiga,Spain,Eduardo Coudet,2020-11-12,2022-11-02,720,84,31,19,34,1
Athletic Club,LaLiga,Spain,Ernesto Valverde,2013-07-01,2017-06-30,1460,213,101,46,66,1
Barcelona,LaLiga,Spain,Ernesto Valverde,2017-07-01,2020-01-13,926,145,97,32,16,2
Chievo,Serie A,Italy,Eugenio Corini,2013-11-12,2014-10-19,341,36,11,4,21,1
Real Sociedad,LaLiga,Spain,Eusebio,2015-11-09,2018-03-18,860,112,46,23,43,1
Sassuolo,Serie A,Italy,Eusebio Di Francesco,2014-03-03,2017-06-12,1197,142,52,39,51,1
Roma,Serie A,Italy,Eusebio Di Francesco,2017-06-13,2019-03-07,632,87,46,18,23,2
Hellas Verona,Serie A,Italy,Fabio Grosso,2018-06-21,2019-05-01,314,36,13,13,10,1
Hellas Verona,Serie A,Italy,Fabio Pecchia,2016-07-01,2018-06-30,729,86,31,18,37,1
Milan,Serie A,Italy,Filippo Inzaghi,2014-06-09,2015-06-16,372,40,14,13,13,1
Bologna,Serie A,Italy,Filippo Inzaghi,2018-07-01,2019-01-28,211,24,4,8,12,2
Werder Bremen,Bundesliga,Germany,Florian Kohfeldt,2017-11-10,2021-05-16,1283,142,51,37,54,1
Wolfsburg,Bundesliga,Germany,Florian Kohfeldt,2021-10-26,2022-05-15,201,28,9,5,14,2
Getafe,LaLiga,Spain,Fran Escribá,2015-07-01,2016-04-11,285,34,8,7,19,1
Villarreal,LaLiga,Spain,Fran Escribá,2016-08-11,2017-09-25,410,59,26,16,17,2
Celta Vigo,LaLiga,Spain,Fran Escribá,2019-03-03,2019-11-03,245,24,6,7,11,3
Chelsea,Premier League,England,Frank Lampard,2019-07-04,2021-01-25,571,84,44,15,25,1
Everton,Premier League,England,Frank Lampard,2022-01-31,2023-01-23,357,44,12,8,24,2
Milan,Serie A,Italy,Frank de Boer,2016-08-09,2016-11-01,84,14,5,2,7,1
Köln,Bundesliga,Germany,Friedhelm Funkel,2021-04-12,2021-06-30,79,8,4,1,3,1
Lille,Ligue 1,France,Frédéric Antonetti,2015-11-22,2016-11-22,366,45,20,9,16,1
Montpellier,Ligue 1,France,Frédéric Hantz,2016-01-26,2017-01-30,370,41,14,11,16,1
Udinese,Serie A,Italy,Gabriele Cioffi,2021-12-07,2022-06-07,182,24,9,7,8,1
Hellas Verona,Serie A,Italy,Gabriele Cioffi,2022-06-14,2022-10-11,119,10,1,2,7,2
Athletic Club,LaLiga,Spain,Gaizka Garitano,2018-12-05,2021-01-03,760,89,39,21,29,1
Valencia,LaLiga,Spain,Gary Neville,2015-12-08,2016-03-30,113,28,10,7,11,1
Milan,Serie A,Italy,Gennaro Gattuso,2017-11-28,2019-05-28,546,83,41,22,20,1
Napoli,Serie A,Italy,Gennaro Gattuso,2019-12-11,2021-06-30,567,81,47,12,22,2
Valencia,LaLiga,Spain,Gennaro Gattuso,2022-07-01,2023-01-30,213,22,7,5,10,3
Leverkusen,Bundesliga,Germany,Gerardo Seoane,2021-07-01,2022-10-05,461,56,26,10,20,1
Genoa,Serie A,Italy,Gian Piero Gasperini,2013-09-29,2016-06-13,988,111,40,28,43,1
Empoli,Serie A,Italy,Giovanni Martusciello,2016-07-01,2017-06-30,364,40,9,8,23,1
Udinese,Serie A,Italy,Giuseppe Iachini,2016-07-01,2016-10-03,94,8,2,1,5,1
Sassuolo,Serie A,Italy,Giuseppe Iachini,2017-11-27,2018-06-05,190,26,9,8,9,2
Empoli,Serie A,Italy,Giuseppe Iachini,2018-11-06,2019-03-13,127,16,4,4,8,3
Fiorentina,Serie A,Italy,Giuseppe Iachini,2019-12-23,2020-11-09,322,31,12,10,9,4
Fiorentina,Serie A,Italy,Giuseppe Iachini,2021-03-24,2021-06-30,98,10,2,5,3,5
Betis,LaLiga,Spain,Gustavo Poyet,2016-05-11,2016-11-11,184,11,3,2,6,1
Stuttgart,Bundesliga,Germany,Hannes Wolf,2016-09-21,2018-01-28,494,52,25,8,19,1
Bayern Munich,Bundesliga,Germany,Hansi Flick,2019-11-03,2021-06-30,605,86,70,8,8,1
Leverkusen,Bundesliga,Germany,Heiko Herrlich,2017-07-01,2018-12-23,540,64,32,14,18,1
Augsburg,Bundesliga,Germany,Heiko Herrlich,2020-03-10,2021-04-26,412,42,12,9,21,2
Lille,Ligue 1,France,Hervé Renard,2015-05-26,2015-11-11,169,14,3,7,4,1
Lyon,Ligue 1,France,Hubert Fournier,2014-07-01,2015-12-23,540,72,35,15,22,1
Udinese,Serie A,Italy,Igor Tudor,2019-03-20,2019-11-01,226,21,8,4,9,2
Hellas Verona,Serie A,Italy,Igor Tudor,2021-09-14,2022-05-28,256,36,14,11,11,3
Real Sociedad,LaLiga,Spain,Imanol Alguacil,2018-03-19,2018-06-30,103,9,5,1,3,1
Genoa,Serie A,Italy,Ivan Juric,2016-07-01,2017-02-19,233,28,8,7,13,1
Genoa,Serie A,Italy,Ivan Juric,2017-04-10,2017-11-05,209,20,4,4,12,2
Genoa,Serie A,Italy,Ivan Juric,2018-10-09,2018-12-06,58,8,0,3,5,3
Hellas Verona,Serie A,Italy,Ivan Juric,2019-07-01,2021-05-28,697,79,24,25,30,4
Real Sociedad,LaLiga,Spain,Jagoba Arrasate,2013-07-01,2014-11-03,490,68,26,18,24,1
Mainz 05,Bundesliga,Germany,Jan-Moritz Lichte,2020-09-28,2020-12-28,91,12,1,3,8,1
Bournemouth,Premier League,England,Jason Tindall,2020-08-08,2021-02-03,179,31,14,9,8,1
Valencia,LaLiga,Spain,Javi Gracia,2020-07-27,2021-05-03,280,38,11,12,15,1
Villarreal,LaLiga,Spain,Javier Calleja,2017-09-25,2018-12-10,441,65,25,18,22,1
Villarreal,LaLiga,Spain,Javier Calleja,2019-01-29,2020-07-20,538,66,32,12,22,2
Montpellier,Ligue 1,France,Jean-Louis Gasset,2017-01-30,2017-05-23,113,16,5,1,10,1
Reims,Ligue 1,France,Jean-Luc Vasseur,2014-07-01,2015-04-07,280,34,10,8,16,1
Granada,LaLiga,Spain,Joaquín Caparrós,2014-07-01,2015-01-16,199,22,3,9,10,1
Sevilla,LaLiga,Spain,Joaquín Caparrós,2019-03-15,2019-06-30,107,11,6,1,4,2
Lille,Ligue 1,France,Jocelyn Gourvennec,2021-07-05,2022-06-16,346,49,19,15,15,1
Newcastle Utd,Premier League,England,John Carver,2014-12-31,2015-06-09,160,20,3,4,13,1
Bournemouth,Premier League,England,Jonathan Woodgate,2021-02-04,2021-06-30,146,23,13,2,8,1
Sevilla,LaLiga,Spain,Jorge Sampaoli,2016-07-01,2017-05-31,334,53,27,12,14,1
Marseille,Ligue 1,France,Jorge Sampaoli,2021-03-08,2022-07-01,480,67,37,16,14,2
Sevilla,LaLiga,Spain,Jorge Sampaoli,2022-10-06,2023-03-20,165,31,13,6,12,3
Granada,LaLiga,Spain,José González,2016-02-22,2016-06-30,129,13,5,4,4,1
Granada,LaLiga,Spain,José Luis Oltra,2017-07-01,2018-03-19,261,32,14,7,11,1
Chelsea,Premier League,England,José Mourinho,2013-07-01,2015-12-17,899,136,80,27,29,1
Manchester Utd,Premier League,England,José Mourinho,2016-07-01,2018-12-18,900,144,84,31,29,2
Tottenham,Premier League,England,José Mourinho,2019-11-20,2021-04-19,516,86,45,17,24,3
Granada,LaLiga,Spain,José Ramón Sandoval,2015-05-01,2016-02-21,296,33,9,6,18,1
Rayo Vallecano,LaLiga,Spain,José Ramón Sandoval,2016-06-27,2016-11-06,132,15,5,3,7,2
Celta Vigo,LaLiga,Spain,Juan Carlos Unzué,2017-07-01,2018-06-30,364,42,15,11,16,1
Getafe,LaLiga,Spain,Juan Esnáider,2016-04-12,2016-09-26,167,14,3,5,6,1
Real Madrid,LaLiga,Spain,Julen Lopetegui,2018-07-01,2018-10-29,120,14,6,2,6,1
Sevilla,LaLiga,Spain,Julen Lopetegui,2019-07-01,2022-10-06,1193,170,90,44,36,2
Hoffenheim,Bundesliga,Germany,Julian Nagelsmann,2016-02-11,2019-06-30,1235,136,55,43,38,1
Bayern Munich,Bundesliga,Germany,Julian Nagelsmann,2021-07-01,2023-03-24,631,84,60,14,10,2
Bastia,Ligue 1,France,Julien Stéphan,2018-12-04,2021-03-01,818,110,49,24,37,1
Betis,LaLiga,Spain,Julio Velázquez,2014-07-01,2014-11-25,147,16,8,3,5,1
Udinese,Serie A,Italy,Julio Velázquez,2018-07-01,2018-11-13,135,13,2,3,8,2
Bayern Munich,Bundesliga,Germany,Jupp Heynckes,2017-10-09,2018-06-30,264,41,33,3,5,1
Dortmund,Bundesliga,Germany,Jürgen Klopp,2008-07-01,2015-06-30,2555,319,181,65,73,1
Stuttgart,Bundesliga,Germany,Jürgen Kramny,2015-12-21,2016-06-30,192,18,5,3,10,1
Mainz 05,Bundesliga,Germany,Kasper Hjulmand,2014-07-01,2015-02-17,231,24,5,10,9,1
Paris S-G,Ligue 1,France,Laurent Blanc,2013-06-25,2016-06-22,1093,173,126,31,16,1
Monaco,Ligue 1,France,Leonardo Jardim,2014-07-01,2018-10-11,1563,233,127,51,55,1
Monaco,Ligue 1,France,Leonardo Jardim,2019-01-27,2019-12-27,334,37,14,10,13,2
Chievo,Serie A,Italy,Lorenzo D'Anna,2018-04-29,2018-10-09,163,12,4,2,6,1
Manchester Utd,Premier League,England,Louis van Gaal,2014-07-14,2016-05-23,679,103,54,24,25,1
Udinese,Serie A,Italy,Luca Gotti,2019-11-01,2021-12-07,767,87,25,25,37,1
Granada,LaLiga,Spain,Lucas Alcaraz,2016-10-19,2017-04-10,173,25,5,6,14,1
Roma,Serie A,Italy,Luciano Spalletti,2016-01-14,2017-05-30,502,75,50,11,14,1
Milan,Serie A,Italy,Luciano Spalletti,2017-06-09,2019-05-30,720,90,46,24,20,2
M'Gladbach,Bundesliga,Germany,Lucien Favre,2011-02-14,2015-09-20,1679,189,89,45,55,1
Nice,Ligue 1,France,Lucien Favre,2016-07-01,2018-06-30,729,99,43,23,33,2
Dortmund,Bundesliga,Germany,Lucien Favre,2018-07-01,2020-12-13,896,110,68,17,25,3
Udinese,Serie A,Italy,Luigi De Canio,2016-03-14,2016-06-30,108,9,2,3,4,1
Hellas Verona,Serie A,Italy,Luigi Delneri,2015-12-01,2016-06-30,212,26,6,7,13,1
Udinese,Serie A,Italy,Luigi Delneri,2016-10-03,2017-11-21,414,44,15,8,21,2
Barcelona,LaLiga,Spain,Luis Enrique,2014-07-01,2017-06-30,1095,181,138,22,21,1
Villarreal,LaLiga,Spain,Luis García,2018-12-10,2019-01-29,50,9,1,5,3,1
Las Palmas,LaLiga,Spain,Manolo Jiménez,2018-07-01,2018-11-16,138,15,5,7,3,1
Las Palmas,LaLiga,Spain,Manolo Márquez,2017-07-03,2017-09-26,85,6,2,0,4,1
Augsburg,Bundesliga,Germany,Manuel Baum,2016-12-28,2019-04-09,832,85,24,23,38,1
Manchester City,Premier League,England,Manuel Pellegrini,2013-07-01,2016-06-30,1095,166,101,27,38,1
West Ham,Premier League,England,Manuel Pellegrini,2018-07-01,2019-12-28,545,64,24,11,29,2
Villarreal,LaLiga,Spain,Marcelino,2013-01-15,2016-08-10,1303,177,87,44,46,1
Valencia,LaLiga,Spain,Marcelino,2017-07-01,2019-09-11,802,110,56,29,25,2
Athletic Club,LaLiga,Spain,Marcelino,2021-01-04,2022-06-30,542,75,29,25,21,3
Marseille,Ligue 1,France,Marcelo Bielsa,2014-07-01,2015-08-10,405,41,21,6,14,1
Lille,Ligue 1,France,Marcelo Bielsa,2017-07-01,2017-11-22,144,14,4,3,7,3
Frosinone,Serie A,Italy,Marco Baroni,2018-12-19,2019-06-02,165,22,4,5,13,1
Empoli,Serie A,Italy,Marco Giampaolo,2015-06-15,2016-06-30,381,39,12,10,17,1
Milan,Serie A,Italy,Marco Giampaolo,2019-06-19,2019-10-08,111,7,3,0,4,2
Torino,Serie A,Italy,Marco Giampaolo,2020-08-07,2021-01-18,164,21,4,7,10,3
M'Gladbach,Bundesliga,Germany,Marco Rose,2019-07-01,2021-06-30,730,88,41,19,28,1
Dortmund,Bundesliga,Germany,Marco Rose,2021-07-01,2022-05-20,323,46,27,4,15,2
Everton,Premier League,England,Marco Silva,2018-05-31,2019-12-05,553,60,24,11,25,1
Wolfsburg,Bundesliga,Germany,Mark van Bommel,2021-07-01,2021-10-24,115,13,4,3,6,1
Köln,Bundesliga,Germany,Markus Anfang,2018-07-01,2019-04-27,300,33,19,5,9,1
Darmstadt 98,Bundesliga,Germany,Markus Anfang,2020-07-01,2021-05-31,334,37,17,6,14,2
Werder Bremen,Bundesliga,Germany,Markus Anfang,2021-06-01,2021-11-19,171,14,5,4,5,3
Hoffenheim,Bundesliga,Germany,Markus Gisdol,2013-04-02,2015-10-26,937,96,35,24,37,1
Köln,Bundesliga,Germany,Markus Gisdol,2019-11-19,2021-04-11,509,54,15,13,26,2
Augsburg,Bundesliga,Germany,Markus Weinzierl,2012-07-01,2016-06-30,1460,154,56,32,66,1
Stuttgart,Bundesliga,Germany,Markus Weinzierl,2018-10-09,2019-04-20,193,23,4,4,15,2
Augsburg,Bundesliga,Germany,Markus Weinzierl,2021-04-26,2022-06-30,430,38,12,8,18,3
Mainz 05,Bundesliga,Germany,Martin Schmidt,2015-02-17,2017-05-22,825,91,33,21,37,1
Wolfsburg,Bundesliga,Germany,Martin Schmidt,2017-09-18,2018-02-19,154,22,5,11,6,2
Augsburg,Bundesliga,Germany,Martin Schmidt,2019-04-09,2020-03-09,335,32,9,7,16,3
Juventus,Serie A,Italy,Massimiliano Allegri,2014-07-16,2019-06-30,1810,271,191,41,39,1
Udinese,Serie A,Italy,Massimo Oddo,2017-11-21,2018-04-24,154,23,7,3,13,1
Tottenham,Premier League,England,Mauricio Pochettino,2014-07-01,2019-11-19,1967,293,160,60,73,1
Paris S-G,Ligue 1,France,Mauricio Pochettino,2021-01-02,2022-07-05,549,84,56,13,15,2
Empoli,Serie A,Italy,Maurizio Sarri,2012-06-25,2015-06-04,1074,132,52,45,35,1
Napoli,Serie A,Italy,Maurizio Sarri,2015-06-11,2018-07-13,1128,148,98,25,25,2
Chelsea,Premier League,England,Maurizio Sarri,2018-07-14,2019-06-30,351,63,40,11,12,3
Juventus,Serie A,Italy,Maurizio Sarri,2019-07-01,2020-08-08,404,52,34,8,10,4
Marseille,Ligue 1,France,Michel,2015-08-19,2016-04-19,244,46,17,17,12,1
Getafe,LaLiga,Spain,Michel,2021-07-01,2021-10-04,95,8,0,1,7,2
Nantes,Ligue 1,France,Michel Der Zakarian,2012-05-31,2016-06-30,1491,171,65,47,59,1
Reims,Ligue 1,France,Michel Der Zakarian,2016-07-01,2017-05-22,325,41,15,13,13,2
Montpellier,Ligue 1,France,Michel Der Zakarian,2017-05-23,2021-05-24,1462,161,63,51,47,3
Chievo,Serie A,Italy,Michele Marcolini,2019-07-04,2020-03-01,241,28,10,10,8,1
Lorient,Ligue 1,France,Mickaël Landreau,2017-05-30,2019-05-28,728,88,43,20,25,1
Nantes,Ligue 1,France,Miguel Cardoso,2018-06-13,2018-10-02,111,8,1,3,4,1
Celta Vigo,LaLiga,Spain,Miguel Cardoso,2018-11-12,2019-03-03,111,15,3,2,10,2
Frosinone,Serie A,Italy,Moreno Longo,2017-06-14,2018-12-19,553,65,22,22,21,1
Torino,Serie A,Italy,Moreno Longo,2020-02-04,2020-08-07,185,16,3,4,9,2
Rayo Vallecano,LaLiga,Spain,Míchel,2017-02-21,2019-03-18,755,89,34,23,32,1
Crystal Palace,Premier League,England,Neil Warnock,2014-08-27,2014-12-27,122,17,3,6,8,1
Eint Frankfurt,Bundesliga,Germany,Niko Kovac,2016-03-08,2018-06-30,844,91,41,17,33,1
Bayern Munich,Bundesliga,Germany,Niko Kovac,2018-07-01,2019-11-03,490,65,45,12,8,2
Monaco,Ligue 1,France,Niko Kovac,2020-07-19,2022-01-01,531,74,43,15,16,3
Darmstadt 98,Bundesliga,Germany,Norbert Meier,2016-07-01,2016-12-05,157,15,3,2,10,1
Valencia,LaLiga,Spain,Nuno Espírito Santo,2014-07-01,2015-11-29,516,62,32,16,14,1
Tottenham,Premier League,England,Nuno Espírito Santo,2021-07-01,2021-11-01,123,17,9,1,7,2
Manchester Utd,Premier League,England,Ole Gunnar Solskjær,2019-03-28,2021-11-21,969,149,78,33,38,1
Wolfsburg,Bundesliga,Germany,Oliver Glasner,2019-07-01,2021-06-30,730,87,41,22,24,1
Montpellier,Ligue 1,France,Olivier Dall'Oglio,2021-06-01,2022-10-17,503,52,18,7,27,1
Reims,Ligue 1,France,Olivier Guégan,2015-04-07,2016-04-23,382,44,12,9,23,1
Getafe,LaLiga,Spain,Pablo Franco,2015-02-27,2015-06-30,123,14,3,2,9,1
Sevilla,LaLiga,Spain,Pablo Machín,2018-07-01,2019-03-15,257,50,26,9,15,1
Las Palmas,LaLiga,Spain,Paco Herrera,2014-07-04,2015-10-19,472,58,27,16,15,1
Las Palmas,LaLiga,Spain,Paco Herrera,2018-11-17,2019-03-04,107,14,3,7,4,2
Rayo Vallecano,LaLiga,Spain,Paco Jémez,2012-06-22,2016-06-30,1469,164,55,29,80,1
Granada,LaLiga,Spain,Paco Jémez,2016-07-01,2016-09-28,89,6,0,2,4,2
Las Palmas,LaLiga,Spain,Paco Jémez,2018-01-01,2018-06-30,180,23,2,6,15,3
Rayo Vallecano,LaLiga,Spain,Paco Jémez,2019-03-19,2020-07-31,500,56,18,24,14,4
Valencia,LaLiga,Spain,Pako Ayestarán,2016-03-30,2016-09-20,174,12,3,1,8,1
Las Palmas,LaLiga,Spain,Pako Ayestarán,2017-09-28,2017-11-30,63,9,1,1,7,2
Toulouse,Ligue 1,France,Pascal Dupraz,2016-03-01,2018-01-22,692,77,24,22,31,1
Frosinone,Serie A,Italy,Pasquale Marino,2016-07-01,2017-05-29,332,46,22,12,12,1
Empoli,Serie A,Italy,Pasquale Marino,2020-01-26,2020-08-11,198,18,9,4,5,2
Toulouse,Ligue 1,France,Patrice Garande,2020-06-22,2021-06-02,345,46,26,10,10,1
Nice,Ligue 1,France,Patrick Vieira,2018-07-01,2020-12-04,887,89,35,21,33,1
Crystal Palace,Premier League,England,Patrick Vieira,2021-07-04,2023-03-17,621,74,22,24,28,2
Aston Villa,Premier League,England,Paul Lambert,2012-06-02,2015-02-11,984,115,34,26,55,1
Roma,Serie A,Italy,Paulo Fonseca,2019-07-01,2021-06-30,730,102,53,21,28,1
Fiorentina,Serie A,Italy,Paulo Sousa,2015-06-21,2017-06-30,740,95,43,25,27,1
Granada,LaLiga,Spain,Pedro Morilla,2018-03-19,2018-04-30,42,6,1,3,2,1
Stuttgart,Bundesliga,Germany,Pellegrino Matarazzo,2019-12-30,2022-10-10,1015,100,31,29,40,1
Bayern Munich,Bundesliga,Germany,Pep Guardiola,2013-07-01,2016-06-30,1095,161,124,16,21,1
Getafe,LaLiga,Spain,Pepe Bordalás,2016-09-27,2021-06-30,1737,212,83,60,69,1
Valencia,LaLiga,Spain,Pepe Bordalás,2021-07-01,2022-06-03,337,46,17,16,13,2
Betis,LaLiga,Spain,Pepe Mel,2014-12-23,2016-01-11,384,46,21,12,13,1
Las Palmas,LaLiga,Spain,Pepe Mel,2019-03-05,2022-01-23,1055,128,44,41,43,2
Dortmund,Bundesliga,Germany,Peter Bosz,2017-07-01,2017-12-09,161,24,8,6,10,1
Leverkusen,Bundesliga,Germany,Peter Bosz,2018-12-23,2021-03-23,821,108,59,16,33,2
Lyon,Ligue 1,France,Peter Bosz,2021-05-29,2022-10-09,498,58,27,16,15,3
Köln,Bundesliga,Germany,Peter Stöger,2013-07-01,2017-12-03,1616,168,61,53,54,1
Dortmund,Bundesliga,Germany,Peter Stöger,2017-12-10,2018-06-30,202,24,10,8,6,2
Bastia,Ligue 1,France,Philippe Montanier,2013-07-01,2016-01-20,933,115,43,34,38,1
Las Palmas,LaLiga,Spain,Quique Setién,2015-10-19,2017-06-30,620,78,26,18,34,1
Betis,LaLiga,Spain,Quique Setién,2017-07-01,2019-06-30,729,94,39,22,33,2
Barcelona,LaLiga,Spain,Quique Setién,2020-01-13,2020-08-17,217,25,16,4,5,3
Getafe,LaLiga,Spain,Quique Sánchez Flores,2015-01-05,2015-02-26,52,11,4,1,6,1
Getafe,LaLiga,Spain,Quique Sánchez Flores,2021-10-06,2023-04-27,568,66,18,24,24,2
Napoli,Serie A,Italy,Rafael Benítez,2013-07-01,2015-06-30,729,112,61,26,25,1
Real Madrid,LaLiga,Spain,Rafael Benítez,2015-07-01,2016-01-04,187,25,17,5,3,2
Newcastle Utd,Premier League,England,Rafael Benítez,2016-03-11,2019-06-30,1206,146,62,30,54,3
Everton,Premier League,England,Rafael Benítez,2021-07-01,2022-01-16,199,22,7,4,11,4
Nantes,Ligue 1,France,Raymond Domenech,2020-12-26,2021-02-10,46,8,0,4,4,1
Nantes,Ligue 1,France,René Girard,2016-07-01,2016-12-02,154,16,4,4,8,1
Monaco,Ligue 1,France,Robert Moreno,2019-12-28,2020-07-18,203,13,5,3,5,1
Granada,LaLiga,Spain,Robert Moreno,2021-07-01,2022-03-06,248,29,6,10,13,2
Sassuolo,Serie A,Italy,Roberto De Zerbi,2018-07-01,2021-05-24,1058,120,43,36,41,1
Aston Villa,Premier League,England,Roberto Di Matteo,2016-06-03,2016-10-03,122,12,1,7,4,1
Bologna,Serie A,Italy,Roberto Donadoni,2015-10-28,2018-06-30,976,108,33,23,52,1
Milan,Serie A,Italy,Roberto Mancini,2014-11-14,2016-08-08,633,77,36,18,23,1
Everton,Premier League,England,Roberto Martínez,2013-06-05,2016-05-12,1072,143,62,37,44,1
Empoli,Serie A,Italy,Roberto Muzzi,2019-11-14,2020-01-26,73,10,1,4,5,1
Frosinone,Serie A,Italy,Roberto Stellone,2012-06-14,2016-06-30,1477,159,64,41,54,1
Werder Bremen,Bundesliga,Germany,Robin Dutt,2013-07-01,2014-10-25,481,45,11,13,21,1
Leverkusen,Bundesliga,Germany,Roger Schmidt,2014-07-01,2017-03-05,978,125,62,27,36,1
Chievo,Serie A,Italy,Rolando Maran,2014-10-19,2018-04-29,1288,148,44,40,64,1
Genoa,Serie A,Italy,Rolando Maran,2020-08-26,2020-12-21,117,15,3,4,8,2
Montpellier,Ligue 1,France,Rolland Courbis,2013-12-09,2015-12-22,743,84,30,20,34,1
Montpellier,Ligue 1,France,Romain Pitau,2022-10-17,2023-02-07,113,12,2,2,8,1
Everton,Premier League,England,Ronald Koeman,2016-07-01,2017-10-23,479,58,24,14,20,1
Barcelona,LaLiga,Spain,Ronald Koeman,2020-08-19,2021-10-28,435,67,40,11,16,2
Crystal Palace,Premier League,England,Roy Hodgson,2017-09-12,2021-06-30,1387,162,54,36,72,1
Betis,LaLiga,Spain,Rubi,2019-07-01,2020-06-21,356,33,10,10,13,1
Rayo Vallecano,LaLiga,Spain,Rubén Baraja,2016-11-07,2017-02-20,105,13,3,4,6,1
Roma,Serie A,Italy,Rudi Garcia,2013-07-01,2016-01-13,926,118,61,34,23,1
Marseille,Ligue 1,France,Rudi Garcia,2016-10-20,2019-06-30,983,142,69,31,42,2
Lyon,Ligue 1,France,Rudi Garcia,2019-10-14,2021-05-24,588,78,44,15,19,3
Aston Villa,Premier League,England,Rémi Garde,2015-11-03,2016-03-29,147,23,3,7,13,1
Bastia,Ligue 1,France,Sabri Lamouchi,2017-11-08,2018-12-03,390,50,20,12,18,1
Hellas Verona,Serie A,Italy,Salvatore Bocchetti,2022-10-13,2022-12-02,50,6,0,0,6,1
Crystal Palace,Premier League,England,Sam Allardyce,2016-12-23,2017-05-23,151,24,9,3,12,1
Everton,Premier League,England,Sam Allardyce,2017-11-30,2018-05-16,167,26,10,7,9,2
Mainz 05,Bundesliga,Germany,Sandro Schwarz,2017-07-01,2019-11-10,862,85,27,16,42,1
Real Madrid,LaLiga,Spain,Santiago Solari,2018-11-13,2019-03-11,118,28,18,2,8,1
Bournemouth,Premier League,England,Scott Parker,2021-07-01,2022-08-30,425,55,29,13,13,1
Hoffenheim,Bundesliga,Germany,Sebastian Hoeneß,2020-08-02,2022-06-30,697,81,32,19,30,1
Lazio,Serie A,Italy,Simone Inzaghi,2016-07-08,2021-06-02,1790,244,131,43,70,1
Milan,Serie A,Italy,Siniša Mihajlović,2015-06-16,2016-04-12,301,38,19,10,9,1
Torino,Serie A,Italy,Siniša Mihajlović,2016-05-25,2018-01-04,589,64,23,24,17,2
Bologna,Serie A,Italy,Siniša Mihajlović,2019-01-28,2022-09-06,1317,131,43,35,53,3
West Ham,Premier League,England,Slaven Bilic,2015-06-09,2017-11-06,881,109,42,30,37,1
Köln,Bundesliga,Germany,Stefan Ruthenbeck,2017-12-19,2018-06-30,193,18,4,4,10,1
Atalanta,Serie A,Italy,Stefano Colantuono,2010-06-14,2015-03-04,1724,193,73,48,72,1
Udinese,Serie A,Italy,Stefano Colantuono,2015-06-04,2016-03-14,284,32,10,6,16,2
Lazio,Serie A,Italy,Stefano Pioli,2014-07-01,2016-04-03,642,91,44,20,27,1
Milan,Serie A,Italy,Stefano Pioli,2016-11-08,2017-05-09,182,27,14,3,10,2
Fiorentina,Serie A,Italy,Stefano Pioli,2017-07-01,2019-04-09,647,74,27,25,22,3
Aston Villa,Premier League,England,Steve Bruce,2016-10-12,2018-10-03,721,102,46,25,31,1
Newcastle Utd,Premier League,England,Steve Bruce,2019-07-17,2021-10-20,826,97,29,25,43,2
Newcastle Utd,Premier League,England,Steve McClaren,2015-06-10,2016-03-11,275,31,7,6,18,1
Aston Villa,Premier League,England,Steven Gerrard,2021-11-11,2022-10-20,343,40,13,8,19,1
Lorient,Ligue 1,France,Sylvain Ripoll,2014-07-01,2016-10-23,845,97,32,20,45,1
Lyon,Ligue 1,France,Sylvinho,2019-07-01,2019-10-07,98,11,3,4,4,1
Nantes,Ligue 1,France,Sérgio Conceição,2016-12-08,2017-06-30,204,26,13,5,8,1
Stuttgart,Bundesliga,Germany,Tayfun Korkut,2018-01-30,2018-10-07,250,22,10,6,6,1
Genoa,Serie A,Italy,Thiago Motta,2019-10-22,2019-12-28,67,10,2,3,5,1
Monaco,Ligue 1,France,Thierry Henry,2018-10-13,2019-01-24,103,20,5,4,11,1
Eint Frankfurt,Bundesliga,Germany,Thomas Schaaf,2014-07-01,2015-05-26,329,36,12,10,14,1
Dortmund,Bundesliga,Germany,Thomas Tuchel,2015-07-01,2017-06-30,730,107,69,20,18,1
Paris S-G,Ligue 1,France,Thomas Tuchel,2018-07-01,2020-12-29,912,127,96,11,20,2
Chelsea,Premier League,England,Thomas Tuchel,2021-01-26,2022-09-07,589,100,63,19,18,3
Aston Villa,Premier League,England,Tim Sherwood,2015-02-16,2015-10-25,251,28,10,2,16,1
Stuttgart,Bundesliga,Germany,Tim Walter,2019-07-01,2019-12-23,175,20,11,4,5,1
Granada,LaLiga,Spain,Tony Adams,2017-04-10,2017-06-30,81,7,0,0,7,1
Crystal Palace,Premier League,England,Tony Pulis,2013-11-24,2014-08-14,263,28,12,5,11,1
Darmstadt 98,Bundesliga,Germany,Torsten Frings,2016-12-28,2017-12-09,346,36,9,8,19,1
Sevilla,LaLiga,Spain,Unai Emery,2013-01-14,2016-06-30,1263,205,107,43,55,1
Paris S-G,Ligue 1,France,Unai Emery,2016-07-01,2018-06-30,729,114,87,15,12,2
Arsenal,Premier League,England,Unai Emery,2018-07-01,2019-11-29,516,78,43,15,20,3
Villarreal,LaLiga,Spain,Unai Emery,2020-07-23,2022-10-25,824,129,66,32,31,4
Nantes,Ligue 1,France,Vahid Halilhodzic,2018-10-02,2019-08-02,304,37,17,6,14,1
Wolfsburg,Bundesliga,Germany,Valérien Ismaël,2016-11-06,2017-02-26,112,13,4,1,8,1
Werder Bremen,Bundesliga,Germany,Viktor Skrypnyk,2014-10-26,2016-09-18,693,70,26,14,30,1
Fiorentina,Serie A,Italy,Vincenzo Montella,2012-06-11,2015-06-08,1092,153,81,32,40,1
Milan,Serie A,Italy,Vincenzo Montella,2016-06-29,2017-11-27,516,64,33,13,18,2
Sevilla,LaLiga,Spain,Vincenzo Montella,2017-12-30,2018-04-28,119,28,11,7,10,3
Fiorentina,Serie A,Italy,Vincenzo Montella,2019-04-10,2019-12-21,255,27,6,7,14,4
Empoli,Serie A,Italy,Vincenzo Vivarini,2017-07-01,2017-12-17,169,20,8,6,6,1
Valencia,LaLiga,Spain,Voro,2017-01-01,2017-06-30,180,25,10,4,11,1
Betis,LaLiga,Spain,Víctor Sánchez,2016-11-12,2017-05-09,178,27,8,5,14,1
Milan,Serie A,Italy,Walter Mazzarri,2013-05-24,2014-11-14,539,58,25,21,12,1
Torino,Serie A,Italy,Walter Mazzarri,2018-01-04,2020-02-04,761,90,38,24,28,2
Real Madrid,LaLiga,Spain,Zinédine Zidane,2016-01-04,2018-05-31,878,149,105,28,16,1
Real Madrid,LaLiga,Spain,Zinédine Zidane,2019-03-11,2021-06-30,842,114,69,25,20,2
Celta Vigo,LaLiga,Spain,Óscar García,2019-11-04,2020-11-09,371,38,8,17,13,1
Reims,Ligue 1,France,Óscar García,2021-06-23,2022-10-13,477,51,14,18,19,2
